name,Age in days,Stars per day,Issues per star ratio
tensorflow,3769,51.462456885115415,0.018364421897072623
pytorch,3489,28.059615935798224,0.1844943820224719
scikit-learn,5677,11.496036639069931,0.032851692383126734
