name,Age in days,Stars per day,Issues per star ratio
tensorflow,3770,51.45968169761273,0.018406931851569306
pytorch,3490,28.068767908309457,0.18460596161698653
scikit-learn,5678,11.499119408242338,0.03280646939900753
