name,Age in days,Stars per day,Issues per star ratio
tensorflow,3770,51.45941644562334,0.01841733590375357
pytorch,3490,28.069054441260747,0.18464490970896583
scikit-learn,5678,11.499119408242338,0.03280646939900753
